<ImportExportXml version="9.2.24064.190" SolutionPackageVersion="9.2" languagecode="1033" generatedBy="CrmLive" xmlns:xsi="http://www.w3.org/2001/XMLSchema-instance">
  <SolutionManifest>
    <UniqueName>Timesheet</UniqueName>
    <LocalizedNames>
      <LocalizedName description="Timesheet" languagecode="1033" />
    </LocalizedNames>
    <Descriptions />
    <Version>1.1.1.1</Version>
    <Managed>0</Managed>
    <Publisher>
      <UniqueName>ejada</UniqueName>
      <LocalizedNames>
        <LocalizedName description="Ejada" languagecode="1033" />
      </LocalizedNames>
      <Descriptions />
      <EMailAddress xsi:nil="true"></EMailAddress>
      <SupportingWebsiteUrl xsi:nil="true"></SupportingWebsiteUrl>
      <CustomizationPrefix>eja</CustomizationPrefix>
      <CustomizationOptionValuePrefix>97076</CustomizationOptionValuePrefix>
      <Addresses>
        <Address>
          <AddressNumber>1</AddressNumber>
          <AddressTypeCode>1</AddressTypeCode>
          <City xsi:nil="true"></City>
          <County xsi:nil="true"></County>
          <Country xsi:nil="true"></Country>
          <Fax xsi:nil="true"></Fax>
          <FreightTermsCode xsi:nil="true"></FreightTermsCode>
          <ImportSequenceNumber xsi:nil="true"></ImportSequenceNumber>
          <Latitude xsi:nil="true"></Latitude>
          <Line1 xsi:nil="true"></Line1>
          <Line2 xsi:nil="true"></Line2>
          <Line3 xsi:nil="true"></Line3>
          <Longitude xsi:nil="true"></Longitude>
          <Name xsi:nil="true"></Name>
          <PostalCode xsi:nil="true"></PostalCode>
          <PostOfficeBox xsi:nil="true"></PostOfficeBox>
          <PrimaryContactName xsi:nil="true"></PrimaryContactName>
          <ShippingMethodCode>1</ShippingMethodCode>
          <StateOrProvince xsi:nil="true"></StateOrProvince>
          <Telephone1 xsi:nil="true"></Telephone1>
          <Telephone2 xsi:nil="true"></Telephone2>
          <Telephone3 xsi:nil="true"></Telephone3>
          <TimeZoneRuleVersionNumber xsi:nil="true"></TimeZoneRuleVersionNumber>
          <UPSZone xsi:nil="true"></UPSZone>
          <UTCOffset xsi:nil="true"></UTCOffset>
          <UTCConversionTimeZoneCode xsi:nil="true"></UTCConversionTimeZoneCode>
        </Address>
        <Address>
          <AddressNumber>2</AddressNumber>
          <AddressTypeCode>1</AddressTypeCode>
          <City xsi:nil="true"></City>
          <County xsi:nil="true"></County>
          <Country xsi:nil="true"></Country>
          <Fax xsi:nil="true"></Fax>
          <FreightTermsCode xsi:nil="true"></FreightTermsCode>
          <ImportSequenceNumber xsi:nil="true"></ImportSequenceNumber>
          <Latitude xsi:nil="true"></Latitude>
          <Line1 xsi:nil="true"></Line1>
          <Line2 xsi:nil="true"></Line2>
          <Line3 xsi:nil="true"></Line3>
          <Longitude xsi:nil="true"></Longitude>
          <Name xsi:nil="true"></Name>
          <PostalCode xsi:nil="true"></PostalCode>
          <PostOfficeBox xsi:nil="true"></PostOfficeBox>
          <PrimaryContactName xsi:nil="true"></PrimaryContactName>
          <ShippingMethodCode>1</ShippingMethodCode>
          <StateOrProvince xsi:nil="true"></StateOrProvince>
          <Telephone1 xsi:nil="true"></Telephone1>
          <Telephone2 xsi:nil="true"></Telephone2>
          <Telephone3 xsi:nil="true"></Telephone3>
          <TimeZoneRuleVersionNumber xsi:nil="true"></TimeZoneRuleVersionNumber>
          <UPSZone xsi:nil="true"></UPSZone>
          <UTCOffset xsi:nil="true"></UTCOffset>
          <UTCConversionTimeZoneCode xsi:nil="true"></UTCConversionTimeZoneCode>
        </Address>
      </Addresses>
    </Publisher>
    <RootComponents>
      <RootComponent type="1" schemaName="eja_task" behavior="0" />
      <RootComponent type="1" schemaName="eja_timesheet" behavior="0" />
      <RootComponent type="1" schemaName="eja_timesheetprocess" behavior="0" />
      <RootComponent type="1" schemaName="systemuser" behavior="1" />
      <RootComponent type="1" schemaName="task" behavior="1" />
      <RootComponent type="20" id="{6651528d-8852-ef11-bfe3-000d3a699ee8}" behavior="0" />
      <RootComponent type="29" id="{0dca804c-b6a1-4e56-911a-408364261d41}" behavior="0" />
      <RootComponent type="29" id="{121d7743-d4d9-4769-9e24-01490bbb8146}" behavior="0" />
      <RootComponent type="29" id="{1575291f-5ef3-4a9a-8582-5fd1e2b4bac0}" behavior="0" />
      <RootComponent type="29" id="{35f9b5db-8342-4a64-b62c-e00b215677fc}" behavior="0" />
      <RootComponent type="29" id="{4d993827-9253-ef11-bfe3-000d3a699ee8}" behavior="0" />
      <RootComponent type="29" id="{6ef79e80-265f-4c4d-ac52-2206aabe4ee2}" behavior="0" />
      <RootComponent type="29" id="{9f539e6e-190a-464b-8e04-979863dfb43c}" behavior="0" />
      <RootComponent type="29" id="{a9259e87-9f4e-498a-806d-05dd61d27b52}" behavior="0" />
      <RootComponent type="29" id="{a936c128-c242-4e3d-a20d-5878c7430055}" behavior="0" />
      <RootComponent type="29" id="{f8b7612c-7553-ef11-bfe3-000d3a699ee8}" behavior="0" />
      <RootComponent type="29" id="{fa8cebb2-9a53-49c5-8d7e-d664f0b3aadc}" behavior="0" />
      <RootComponent type="60" id="{7de1a3aa-e954-ef11-bfe3-000d3a699ee8}" behavior="0" />
      <RootComponent type="61" schemaName="eja_AutoNumber.js" behavior="0" />
      <RootComponent type="61" schemaName="eja_ChangeStage" behavior="0" />
      <RootComponent type="61" schemaName="eja_Hide" behavior="0" />
      <RootComponent type="61" schemaName="eja_ReportedDays" behavior="0" />
      <RootComponent type="61" schemaName="eja_setDefaultValues" behavior="0" />
      <RootComponent type="61" schemaName="eja_setWorkingDays" behavior="0" />
      <RootComponent type="61" schemaName="eja_Task10" behavior="0" />
      <RootComponent type="61" schemaName="eja_Task11" behavior="0" />
      <RootComponent type="61" schemaName="eja_Task9" behavior="0" />
      <RootComponent type="152" id="{c133aca3-f354-ef11-bfe3-000d3a699ee8}" behavior="0" />
    </RootComponents>
    <MissingDependencies>
      <MissingDependency>
        <Required type="90" schemaName="UpdateReportedDaysActivity, ReportedDays, Version=1.0.0.0, Culture=neutral, PublicKeyToken=7bd449ff02da6f5f" displayName="UpdateReportedDaysActivity" solution="Active" id="{416ca317-1483-4900-8a94-eed5bcba31ac}" />
        <Dependent type="29" displayName="ReportedDays" id="{35f9b5db-8342-4a64-b62c-e00b215677fc}" />
      </MissingDependency>
    </MissingDependencies>
  </SolutionManifest>
</ImportExportXml>